1,Zak,Emiliano Zapata,323714
2,Manolo,Esperança,588078
3,Helge,Xinzheng,299366
4,Bella,Staryy Togul,331805
5,Aline,Legok,912463
6,Tomi,Taipingzhuang,584653
7,Madelyn,Sudimara,210164
8,Arnold,Xiyuan,376024
9,Zara,Radostowice,101308
10,Catharine,Chengyang,649636
11,Lynn,Nagano-shi,777628
12,Libbey,Rende,626712
13,Marilyn,Rowotengah,327903
14,Stephen,Zhangcun,310769
15,Colleen,Sudislavl’,557709
16,Ax,Altkirch,235010
17,Brade,Nowa Sarzyna,226639
18,Corella,Lacabamba,558581
19,Pacorro,Dërmënas,891123
20,Dennie,Nanterre,994353
21,Kerrin,Pochayiv,748644
22,Johnathon,Jalālābād,698953
23,Hazel,São Pedro,970363
24,Forrest,Béthune,884055
25,Inness,Huamali,819167
26,Tyrone,Courbevoie,429575
27,Andrew,Buri,253406
28,Patin,Pirava,853609
29,Radcliffe,Jinpanling,446890
30,Montague,La Huaca,931512
31,Anissa,Fovissste,384812
32,Rasia,Pak Phanang,558329
33,Linzy,Černá Hora,381651
34,Maison,Kainantu,740061
35,Maisey,Dibulla,868071
36,Tomi,Magallon Cadre,342682
37,Tressa,København,589373
38,Kayley,Freiria,734897
39,Jori,Luotuo,872150
40,Sunshine,Dashiren,392479
41,Justis,Kasaoka,543139
42,Dulcea,Thị Trấn Triệu Sơn,716683
43,Gabrila,Dayu,731585
44,Joni,Luxia,311315
45,Pippy,Cincinnati,815353
46,Lurline,Morondava,283142
47,Lombard,Oyonnax,301655
48,Brody,Pozuzo,956964
49,Roger,Gaoshibei,445643
50,Brock,Bulubrangsi,723102
51,Brittany,Kalipucang,858765
52,Dyan,Krajan Waturoyo,668473
53,Halette,Jampang Tengah,859442
54,Lauren,Pervomays’k,883880
55,Basil,Casalinho,117255
56,Ives,Cheremshan,906391
57,Devi,Klonowa,632200
58,Even,Ekimchan,874963
59,Nichole,Tiout,905418
60,Winifred,Rizal,252900
61,Willey,Semanding Barat,724935
62,Clarie,Carquefou,585526
63,Ottilie,Nýdek,202620
64,Jobi,Pailles,462387
65,Jacquie,Zhichanghe,746573
66,Chiquita,Tsumeb,618425
67,Paola,Muarabuliti,191263
68,Ruby,Kozy,287030
69,Celie,Youxi Chengguanzhen,164420
70,Johnette,Chelgard,860508
71,Nate,Stubno,186755
72,Cris,Guicheng,127068
73,Alverta,Aygavan,418191
74,Gregorio,Katoro,809766
75,Kristine,Kota Bharu,791656
76,Alys,Krasnotorka,968707
77,Helyn,Padej,663542
78,Abie,Ristinummi,430479
79,Pandora,Hyesan-dong,282095
80,Lyndel,Indramayu,395818
81,Fielding,Bajing,619676
82,Errol,Ansheng,824439
83,Ulysses,Mönsterås,198912
84,Dixie,Ilembula,133359
85,Anne,Sattahip,211559
86,Herschel,As Sūsah,204411
87,Johann,Rufino,795920
88,Candace,General Roca,984046
89,Reynolds,Aldeia da Piedade,791099
90,Annabal,Ash Sharyah,249675
91,Sascha,Štitar,350779
92,Raeann,Kedungbang,929826
93,Elwin,Xingfu,954925
94,Cherish,Nanshao,684203
95,Giacopo,Vilar,869596
96,Haywood,Kedrovyy,384412
97,Arabelle,Okrouhlice,719450
98,Truda,Ban Phaeo,713719
99,Ely,Saint-Denis,676890
100,Dallas,Puwa,618537
101,Benedicto,Emporeío,992824
102,Ambrose,Pulau Pinang,928108
103,Michell,Rizal,426422
104,Ernest,Kavadarci,923847
105,Tildi,Shigu,578350
106,Ulick,Portela,264924
107,Essie,Tianyi,376651
108,Aurore,Uvarovo,915508
109,Charmane,Putrajaya,935965
110,Sharl,Taihua,134664
111,Lolita,La Dorada,738425
112,Tommy,Samara,855225
113,Tallie,Changtu,174887
114,Dyan,Āwash,340663
115,Devy,Zhuhe,413159
116,Wini,Tha Yang,451094
117,Wheeler,Rencun,430634
118,Hastings,Thị Trấn Mộc Châu,147930
119,Helge,Wangping,433604
120,Ibby,Le Mans,526989
121,Juli,Cabrela,597698
122,Markos,Bandar-e ‘Asalūyeh,676860
123,Cyrillus,Salvacion,579933
124,Ambrosi,Chekhov,690173
125,Esra,Kannus,635340
126,Nathan,Jasaan,754982
127,Putnam,Karkkila,312664
128,Marice,Bolaoit,605446
129,Ronnica,Sintansin,835219
130,Paulo,Puteaux,750067
131,Cindi,Tibigan,655205
132,Thekla,Rakitnoye,835103
133,Galvan,Shiree,152758
134,Lynna,Fontanka,676263
135,Dene,Tarłów,337987
136,Ulrich,Stavanger,123737
137,Ellissa,Solntsevo,676456
138,Antonino,Vällingby,735545
139,Saunders,Kuluran,249262
140,Tiffany,Cikadu,325663
141,Veradis,Cadiz,746289
142,Brannon,Zaprudnya,693736
143,Loree,Rekovac,882551
144,Lissy,Balakliya,665015
145,Casie,Liaoyang,104320
146,Brigitte,Byerazino,292515
147,Madalena,Kinsale,402611
148,Jo,Dongshi,410307
149,Belva,Paris La Défense,627923
150,Deina,Novoselec,973124
151,Jarrod,Zhanlong,576024
152,Evelina,Bangad,203768
153,Joshuah,Hanjianglu,709429
154,Freeland,Kokar,225078
155,Perle,Conceição da Abóboda,837998
156,Kassi,Mehtar Lām,667012
157,Gray,Shamakhi,230283
158,Tammi,Magong,317065
159,Mata,Ainaro,933912
160,Thaddus,Oslo,320610
161,Nedi,Alamar,441393
162,Lorne,Phu Kradueng,858340
163,Taryn,Gastello,689580
164,Glenn,Kabarnet,686420
165,Ephrem,Valerik,418277
166,Theobald,Syców,227991
167,Nikkie,Glazov,440072
168,Hayes,Le Pontet,555492
169,Dimitri,Canoinhas,249711
170,Winifield,Baixiang,655391
171,Tybi,Šoštanj,424877
172,Nathaniel,Santa Rosa,479471
173,Elsy,Kangasala,292691
174,Mariejeanne,Guanting,612976
175,Eachelle,Aral,232415
176,Frans,Sydney,361547
177,Em,Binuangan,920787
178,Lulita,Jamundí,932916
179,Christa,Melun,686101
180,Hort,Rongcheng,285784
181,Calhoun,Silago,308359
182,Hortense,Jinta,305453
183,Bron,Barueri,173900
184,Alano,Águia Branca,660939
185,Juline,Guarenas,454366
186,Ilaire,Budapest,637286
187,Babette,Tiantai,831549
188,Anne-marie,Rio Claro,384365
189,Walsh,Jianfeng,465778
190,Robbi,Krynychky,393232
191,Shannan,Guanchao,486284
192,Keefer,Zhangqing,110310
193,Robin,Tha Maka,481807
194,Brion,Pajaten,796926
195,Peri,Okrika,711474
196,Amitie,Bokat,932845
197,Desmund,Kizel,865731
198,Nick,Cheonan,856177
199,Shena,Balut,995113
200,Jozef,Portland,900917
201,Jo ann,Gavinhos de Baixo,540057
202,Lena,Jun’an,933268
203,Tynan,Thị Trấn Văn Quan,354710
204,Cindelyn,Leme,310845
205,Iorgos,Nzeto,118583
206,Hansiain,Stříbro,273572
207,Ferd,Wenjiao,479426
208,Mufi,Carianos,865985
209,Kissie,Cipeundeuy,661533
210,Nesta,Bogdaniec,132189
211,Cristine,Besançon,919759
212,Constance,Barang,706067
213,Ogdon,Camaligan,289584
214,Raviv,Chicago,339958
215,Gwenneth,Yantan,378880
216,Byrle,Puerto Princesa,953427
217,Wallas,Nezlobnaya,832440
218,Seward,Batatais,493239
219,Herman,Sovetakan,594538
220,Eloise,Mukayrās,768948
221,Andrej,Maodian,271985
222,Rosemarie,Parigi,974809
223,Gottfried,Butwāl,749004
224,Layton,Knysna,293691
225,Jammal,Jedung,908623
226,Kit,Awar-awar,803706
227,Georgie,Lopar,982786
228,Shayla,Raduzhnyy,220909
229,Shel,Al Jumaylīyah,114696
230,Benson,Xiaxihao,827054
231,Granger,Tapan,650292
232,Ely,Aguelmous,954502
233,Cybill,Khānaqāh,308796
234,Beckie,Neuzina,602661
235,Vinita,Sarreguemines,351665
236,Lucio,Charleville-Mézières,399755
237,Angelita,Xuexi,726207
238,Minny,Berlin,552747
239,Goldie,Nanterre,418892
240,Torrin,Neikeng,380904
241,Siobhan,São Sepé,991328
242,Harbert,Anin,304218
243,Krissie,Konosha,896461
244,Cordie,Barra do Bugres,512391
245,Leticia,Indianapolis,687299
246,Perrine,Orange,354864
247,Dell,San Juan,865368
248,Kaitlin,Tuchomie,888590
249,Constantino,Kamyanyuki,529029
250,Sly,Skelivka,860015
251,Philipa,Káto Dhiminió,924849
252,Henry,Радолишта,442254
253,Corinna,Béja,887200
254,Inglebert,Barapas,332672
255,Noak,Xike,361798
256,Alyda,Valongo,112120
257,Gerardo,Caicó,166066
258,Octavius,Ciyun,572713
259,Lark,Wangchang,115272
260,Gabie,Niuzhuang,958333
261,Morrie,Mitsuke,969540
262,Riordan,Xianxi,393551
263,Dimitry,Markowa,765095
264,Dael,Siak Sri Indrapura,773911
265,Hubert,Tha Ruea,382916
266,Kellia,Xijiao,583819
267,Whittaker,Cueto,252873
268,Augustina,Tolotangga,849939
269,Milly,Piotrków Trybunalski,260343
270,Samantha,Matalam,572774
271,Evaleen,Mundri,693905
272,Dalenna,Радовиш,184540
273,Jolie,Danzi,997292
274,Buddy,Otofuke,921723
275,Allard,Visby,350023
276,Marlin,Vilarinho,120911
277,Salli,Świeradów-Zdrój,382572
278,Reinaldos,Tarikolot,377172
279,Lilly,Krajandadapmulyo,390075
280,Davis,Kebonagung,244137
281,Devonne,Kuštilj,750504
282,Ahmed,Yuzhou,475927
283,Gilberta,Dzhayrakh,594280
284,Amy,Svetlyy,909615
285,Freddie,Limoncito,435217
286,Patrice,Teruel,935443
287,Maribel,Glugu,384075
288,Sisile,Semikarakorsk,556102
289,Kacy,Mangas,182861
290,Melany,Bacheng,792941
291,Valentina,Jablunkov,281567
292,Douglas,Fushë-Muhurr,618963
293,Keven,Stockholm,313761
294,Bogart,Colorado Springs,555894
295,Georgena,Otok,259012
296,Gwen,Lilongwe,732601
297,Hieronymus,Yanai,775854
298,Rubin,Karangturi,705459
299,Ambrosio,Isu,889141
300,Ebeneser,Liuzhi,669873
301,Editha,Bicurga,999018
302,Nestor,Napuro,948042
303,Ayn,Cái Dầu,393576
304,Garvy,Baumata,406748
305,Derry,Mariinsk,697025
306,Elie,Gunungsari,809162
307,Tyrone,Ust’-Izhora,180804
308,Cornie,Gongyi,220193
309,Elora,Gowa,619364
310,Carlin,Bukama,600148
311,Keri,Kibondo,340002
312,Mack,Zala,754166
313,Lionello,Paradela,370803
314,Udell,Tulay,430782
315,Vivianne,Danao,638566
316,Beret,Hengshui,246336
317,Theodosia,Gubuk Daya,451264
318,Corny,Huntington,258913
319,Lorry,Ar Rubū‘,551316
320,Lilly,Ilanskiy,934410
321,Alford,Kristianstad,201697
322,Lindie,Dhī Nā‘im,821423
323,Kearney,Borbon,771568
324,Adela,Uvarovo,765833
325,Lynett,Ninove,319128
326,Ilise,Longhe,779981
327,Hobie,Toulouse,188630
328,Hubey,Simenqian,217606
329,Cristiano,Daixi,163834
330,Gerty,Akademicheskoe,607917
331,Gil,Zhouxi,112244
332,Jessie,Pingxiang,645882
333,Lewes,Metsovo,588865
334,Joane,Girey,661788
335,Tonye,Las Varillas,929351
336,Xavier,Al Marj,845379
337,Meghann,Yuanzhou,102326
338,Emmott,Nizhniy Lomov,892263
339,Bessy,Weibin,424199
340,Carmon,El Monte,775796
341,Leroy,Uripa,806187
342,Donnie,São Miguel dos Campos,899382
343,Kellen,Yelizovo,844889
344,Osbourn,Yekimovichi,560567
345,Sosanna,San Jerónimo,103197
346,Geoffry,Радовиш,296393
347,Fayth,Xiwang,601499
348,Tye,Estancia,708612
349,Rosmunda,Liangchahe,566680
350,Curcio,Sloboda,593062
351,Stanford,Lebane,883464
352,Vittoria,Clifden,494136
353,Sandra,Belyye Berega,549502
354,Oriana,Tongren,257573
355,Chiquita,Bayan,956731
356,Daphene,Santa Marta,164561
357,Filippo,Antony,898588
358,Dael,Banjar Bengkelgede,789883
359,Martainn,Jarabacoa,539756
360,Tiffany,Komprachcice,274204
361,Munroe,Fernández,748879
362,Randall,Hongtian,872347
363,Kippie,Negotino,673064
364,Catriona,Amsterdam,234899
365,Deedee,Uromi,249255
366,Basia,Alibago,469749
367,Geri,Guozhuang,691354
368,Leon,Mancogeh,967877
369,Court,Debesy,725444
370,Janeta,Shuanglong,771784
371,Andrei,Tānk,430250
372,Annamaria,Santo Tomás,428358
373,Marylin,Santa Ana,990967
374,Renault,Checun,678022
375,Winni,Itaúna,689078
376,Yance,Gewanē,268045
377,Brigit,Nansheng,349759
378,Tiffy,Castrovirreyna,421001
379,Levin,Guoxiang,495595
380,Saree,Pasiragung,389624
381,Devondra,Likino-Dulevo,189034
382,Zacherie,Pyu,684269
383,Donetta,Baras,590423
384,Raffaello,Xinhua,642743
385,Stephenie,Sakassou,775960
386,Roana,Qingfeng,570477
387,Sile,Poja,272438
388,Reuven,Nancheng,368326
389,Gerri,Usman’,142990
390,Demetria,Mihara,659107
391,Frannie,Sovetskoye,433441
392,Teressa,Ancahuasi,401283
393,Finn,Tres Arroyos,714423
394,Celesta,Aghada,850343
395,Simonette,Nivnice,524842
396,Arlina,Trindade,114478
397,Nerte,Jardia,455696
398,Barbaraanne,Phoenix,724948
399,Berk,Cova Figueira,807153
400,Rudiger,Fusagasuga,693155
401,Jan,Xin’an,362723
402,Doll,Montecristi,115717
403,Menard,Aimorés,749503
404,Nanni,Saint-Pierre,674924
405,Barnaby,Chengzhong,240157
406,Erny,Nentón,970808
407,Drusilla,Tomaszów Mazowiecki,235029
408,Sharla,Bulawin,889157
409,Leslie,Al Khawkhah,254483
410,Justine,Wuyanquan,170920
411,Germana,Beopwon,633403
412,Bev,Sarpang,443878
413,Tomlin,Saurimo,345925
414,Avery,Quxi,306247
415,Terra,Yutou,450990
416,Christophe,Wuyang,771690
417,Deonne,Los Angeles,445979
418,Raul,Cane,350804
419,Kerwin,Hyesan-si,115999
420,Bibbie,Quesada,432417
421,Madeleine,Bela Vista,437586
422,Kass,Primero de Mayo,565853
423,Caldwell,Bitanjuan,550016
424,Rachele,Kidričevo,746291
425,Logan,Matang,245044
426,Ilene,Taekas,606184
427,Marcus,Pangkalan,426896
428,Esta,Kostinbrod,778746
429,Garrard,Pamyat’ Parizhskoy Kommuny,309800
430,Petronille,Wawu,769563
431,Eli,Sinop,160852
432,Lloyd,Voloshka,663290
433,Jilli,Paragominas,528561
434,Babs,Houston,194023
435,Ronnie,Chortkiv,789948
436,Cissy,Leigongjian,416753
437,Ardine,Sobreiro,559726
438,Gretta,Caratinga,464983
439,Christian,Aucallama,760410
440,Shae,Mariara,172988
441,Tim,Bua Yai,298978
442,Gabriell,Beppu,882858
443,Dagny,El Nido,561580
444,Burl,Angeghakot’,258724
445,Fidel,Jintang,741405
446,Clemmy,Cuenca,630427
447,Petra,Wenfu,224177
448,Darelle,Libice nad Cidlinou,882553
449,Idalina,Presidente Epitácio,121922
450,Vally,Santo Rosario,882666
451,Willard,Lubukgadang,981169
452,Federico,Fort Worth,918652
453,Clemmy,Gulod,109225
454,Eleen,Pyetrykaw,333590
455,Roda,Pyatigorsk,108594
456,Cristen,Hechuan,685499
457,Bank,Potou,301306
458,Sibeal,Purabaya,612306
459,Susi,Kebonkalapa,563650
460,Lyssa,Kovel’,129835
461,Horatius,Round Rock,387814
462,Bronson,Shirbīn,800319
463,Dory,Lyubinskiy,992553
464,Larisa,Pryvol’ny,616266
465,Damian,Baratã,794040
466,Demetris,Dumaguil,963927
467,Norton,Allacapan,807099
468,Aloysius,Ubá,304189
469,Georgie,Pulau Pinang,369387
470,Willetta,Kant,179074
471,Wallis,Malaga,739866
472,Morissa,Yingtou,392853
473,Manuel,Baota,561569
474,Elwyn,Graikochóri,772268
475,Kathye,Los Angeles,715451
476,Cyndy,Naikolan,880739
477,Sherrie,Krásná Hora nad Vltavou,662056
478,Lanita,Ilagan,235650
479,Allin,Koudougou,180699
480,Charissa,Xiasha,323513
481,Reyna,Lanta Timur,983022
482,Rudolfo,Chowki Jamali,129054
483,Hollis,Ogoja,669911
484,Rakel,Kolmården,573259
485,Danit,Sumberdangdang,489809
486,Merla,Pardesiyya,699304
487,Adelaida,Havířov,817637
488,Tomaso,Rozhnyativ,943351
489,Nertie,Walferdange,132370
490,Parsifal,Nagahama,550335
491,Carolann,Sumberdadi,340730
492,Mira,Palaífyto,511393
493,Cornall,Orion,795642
494,Jorge,Leigao,165427
495,Dominga,Suci Kaler,361241
496,Isa,Krzczonów,108702
497,Heriberto,La Laguna,346036
498,Sheila-kathryn,Bettendorf,879222
499,Alli,Aleksandrovskiy Zavod,205216
500,Lynea,Liulin,841364
501,Orelie,Sidi Bousber,754828
502,Laney,Kelasuri,665564
503,Aldous,Kula,774756
504,Clea,Nam Sách,823210
505,Jewel,Nankāna Sāhib,518491
506,Marja,Newark,732068
507,Geoffry,Jiuheyuan,744663
508,Adi,Citangtu Kaler,100614
509,Linnie,Rubiataba,382247
510,Gertruda,Pará de Minas,456552
511,Paula,Neẖalim,940206
512,Lee,Linzi,766338
513,Elicia,Reno,502881
514,Chauncey,Seseng,560349
515,Willie,Zambujeira do Mar,260545
516,Amitie,Kushiro,162488
517,Courtnay,Bielefeld,463411
518,Larine,Kawm Ḩamādah,615186
519,Ailis,Yoshikawa,250364
520,Karoly,Ţāqchah Khānah,608017
521,Garnet,Shantou,523695
522,Terry,Naukot,969737
523,Miles,Gubengairlangga,409950
524,Margette,Castanheiro do Sul,390597
525,Theodoric,Santo Anastácio,343156
526,Lancelot,Morangis,179884
527,Taffy,Icononzo,819817
528,Lyn,Algueirão,691820
529,Milicent,Västervik,956369
530,Dionisio,Triánta,583707
531,Gaultiero,Rezé,829170
532,Melinde,Portmore,907051
533,Annette,Arjawinangun,711207
534,Evonne,Shaping,402927
535,Genna,Udon Thani,926651
536,Perceval,Taohuajiang,379472
537,Mitchel,Wanmu,698450
538,Lilian,Tsuen Wan,594267
539,Maurine,Uitiuhtuan,780453
540,Peggy,Piława Górna,818644
541,Alfons,Huangtan,750800
542,Erin,Zhvanets,440213
543,Daune,Wingham,942986
544,Carey,Montenegro,686560
545,Tiffany,Takeo,610954
546,Edie,Osilnica,503722
547,Pam,Ciomas,583646
548,Pamelina,Mucifal,811278
549,Luciano,Nässjö,615706
550,Anne-marie,Yingcheng,832615
551,Forrester,Jinlong,114632
552,Ynez,Şabbūrah,672988
553,Cacilie,Liutang,391214
554,Lynna,Oskarshamn,907840
555,Ozzy,Huangcaotuo,801262
556,Broderic,Lagos,429057
557,Claudian,Igarassu,845599
558,Marylou,Kopychyntsi,403388
559,Ruperta,Simi Valley,951294
560,Sutherlan,Tanzybey,854669
561,Patience,Voyskovitsy,913291
562,Stacey,Kizil,902464
563,Amitie,Keboncau,888466
564,Happy,Byala Slatina,345783
565,Irwin,Kissimmee,402604
566,Edita,Taoudenni,579429
567,Stephani,Gonzalo Pizarro,620580
568,Imogen,Liushikou,842479
569,Antonia,Ongkharak,141901
570,Spense,Shar’ya,182970
571,Wendel,Chunhua,479127
572,Crista,Savigny-le-Temple,672525
573,Mick,Jiangqiao,477055
574,Elyssa,Fonadhoo,938471
575,Carmelina,Bayanbaraat,866783
576,Lewiss,Barroco,597415
577,Kendrick,Shangjiangxu,709412
578,Hilary,Nyíregyháza,283985
579,Perry,Santo Antônio de Jesus,574109
580,Tricia,Nantuo,380791
581,Eirena,Lluka e Eperme,233580
582,Bond,Heka,663142
583,Marty,Jdaidet el Matn,765110
584,Roman,Huangsangkou,845716
585,Bud,Tejen,842629
586,Gun,Sannois,636625
587,Barris,Palu,988379
588,Sonni,Ruše,175336
589,Kora,Matagbak,180045
590,Leonie,Golacir,954999
591,Jacenta,Verkhniy Yasenov,451539
592,Tamra,Paranavaí,809113
593,Holt,Yuanyang Zhen,215365
594,Maryanna,Shixi,561299
595,Tiffy,Pejukutan,754177
596,Shalna,Orahovica Donja,525115
597,Gabey,Pentaplátano,765916
598,Carmine,Novomyshastovskaya,301742
599,Abram,Lantang,542690
600,Abner,Kot Sultan,469018
601,Lilyan,Huanghua,284971
602,Aylmer,Bronx,576288
603,Ely,Sergokala,154172
604,Brynn,Kampungsusah,939481
605,Barbie,Ivano-Frankove,696380
606,Adelle,Ipaba,483586
607,Marjory,Saint Louis,912809
608,Meyer,Novyy,120727
609,Caria,Ad Dujayl,703269
610,Lee,Gaspra,340149
611,Greg,Miandrivazo,484711
612,Billie,Mersam,556707
613,Darius,Alfonso,738819
614,Carline,Kakamega,326434
615,Perry,Shanghu,798353
616,Cris,Parychy,471310
617,Mahmoud,Washington,344125
618,Marlow,Zhengdonglu,490534
619,Ruthanne,Huangyang,967100
620,Gussie,Banjar Danginsema,655362
621,Charita,Hualmay,230340
622,Brena,Seidu,694074
623,Patrica,Judita,967498
624,Blake,Koilás,538193
625,Oliver,Zaporizhzhya,403563
626,Rebe,Osieczna,469566
627,Gawen,Valencia,685110
628,Charmain,Marinha,567559
629,Nellie,Águia Branca,138050
630,Sandor,Weton,464353
631,Brittni,Shishang,971489
632,Germaine,Sumberrejo,402286
633,Salome,Allkaj,979359
634,Oralie,Oropesa,361693
635,Isabella,Zhouji,413492
636,Farah,Sergach,548600
637,Jania,Baruny,635819
638,York,Błaszki,660099
639,Lenette,Krasnyy Yar,148976
640,Faunie,Goubangzi,316750
641,Lexy,Jatinagara,703702
642,Ludvig,Cantapoy,761433
643,Ricca,Tebingtinggi,137513
644,Avis,Juli,921487
645,Selinda,Xinkaikou,536248
646,Tillie,Yegor’yevsk,245691
647,Clark,Cradock,108950
648,Chrysler,Crasto,807539
649,Tracy,Omboué,702557
650,Gerardo,Chang’an,781682
651,Callie,Guamal,323780
652,Parrnell,Correia Pinto,356205
653,Thibaut,Xinpu,581978
654,Terri,Lurut,963843
655,Fedora,Pandan,444278
656,Janice,Piracicaba,612831
657,Annette,Xiaomenjia,872201
658,Ulrick,El Marañón,505439
659,Adan,Kuanghe,595141
660,Uriah,Rawaapu,867600
661,Ludovico,Xinming,578102
662,Jeddy,Orlovskiy,320628
663,Robbert,Toyonaka,288820
664,Joan,Miandrivazo,870953
665,Quinlan,San Jose,602415
666,Ede,Bourail,329142
667,Blakelee,Pāshmūl,312998
668,Arch,Saint-Ouen,969061
669,Stephanie,Chocos,935148
670,Bel,Sarandë,383037
671,Edeline,Falāvarjān,128713
672,Shir,Bangus Kulon,546639
673,Morlee,Nahrīn,246227
674,Colby,L’govskiy,465912
675,Maryl,Jargalant,635605
676,Sigismond,Bruxelles,530400
677,Jon,Shklo,772863
678,Barney,Las Tejerías,314698
679,Olly,Bethel Town,741347
680,Sukey,Rachanie,557901
681,Ryon,Nyeri,771830
682,Seumas,Guadalupe,973597
683,Malvina,Geji,364148
684,Holt,Cerquilho,146690
685,Mort,Pacet,987925
686,Friedrick,Şaydnāyā,381673
687,Berget,Lynchburg,700837
688,Del,Qarchī Gak,769256
689,Ray,Sungai Nyamuk,347965
690,Ula,Panshi,642100
691,Pren,Stutterheim,289242
692,Chandra,Ziliang,766646
693,Mirilla,Ramaram,248438
694,Clementina,Tanjungbatu,620210
695,Urbano,Umm al Qaywayn,882047
696,Ethelda,Tobias Fornier,930443
697,Forest,Mahaba,363227
698,Janeczka,Xiabeisi,215830
699,Lynnelle,Zhouxi,538387
700,Chaddie,Selianítika,183892
701,Zachery,Lazaro Cardenas,790977
702,Ranee,Madīnat ash Shamāl,488486
703,Gracia,Zheleznodorozhnyy,533980
704,Mendel,Sukosari,193425
705,Dorie,Suvorovskaya,143246
706,Kris,Gaohe,862112
707,Drugi,Kwekwe,895190
708,Kelsi,Cukanguncal,849911
709,Hetti,Mizi,557988
710,Giffer,Glamoč,803460
711,Siffre,Phu Luang,245700
712,Ashlan,Nasavrky,819013
713,Alana,Athi River,892217
714,Liesa,Santo Isidro,263363
715,Corty,Musalerr,718778
716,Chrysa,Boulogne-Billancourt,984474
717,Adrea,Arcena Pequena,560902
718,Lacey,Yahil’nytsya,419859
719,Cyb,Budapest,437608
720,Drusi,Kampungbajo,249161
721,Antonius,Przywidz,913495
722,Pandora,Citeureup,989120
723,Verine,Maicao,507080
724,Bertrand,Pavlovskaya,471036
725,Felicdad,Buyunshan,803209
726,Sydel,Oslo,888631
727,Helen,Raphoe,844806
728,Washington,Katumba,743126
729,Martyn,Kadipaten,383014
730,Bart,Pulo,311529
731,Renee,Barajevo,191049
732,Arne,Yuyue,339455
733,Louella,Lian’an,805817
734,Cally,Hengshi,725413
735,Leigh,Donja Mahala,249156
736,Ernesta,Jianxin,905124
737,Felizio,Oslo,503847
738,Karleen,Igurubi,135276
739,Alphonse,Bazar-Korgon,842843
740,Dyan,Sydney,643914
741,Antoinette,Kannus,139351
742,Briny,Milano,931348
743,Vin,Mtsamdou,777648
744,Mose,Saint-Augustin-de-Desmaures,928092
745,Lishe,Polyarnyy,671944
746,Wang,Gyamco,659447
747,Philly,Netanya,610392
748,Elly,Aktogay,253548
749,Michal,Västra Frölunda,799581
750,Sherye,Chengbei,833141
751,Godfree,Pamungguan,315888
752,Gran,Kasba Tadla,859110
753,Carita,Vinkkilä,988007
754,Hobart,Tibati,843897
755,Holly-anne,Bailianhe,213487
756,Christophe,Lypova Dolyna,417041
757,Camila,Sekondi-Takoradi,386887
758,Elwyn,Rueil-Malmaison,752455
759,Staffard,Tacheng,956086
760,Nita,Thị Trấn Cẩm Thủy,319225
761,Greggory,Caçapava do Sul,661116
762,Spense,Huangzhu,864153
763,Sanderson,Shanjiao,911552
764,Nester,Chaloem Phra Kiat,627622
765,Heloise,Barrī ash Sharqī,175311
766,Merrili,Batutua,822905
767,Vachel,Bogoroditsk,383241
768,Elka,Chiguirip,584883
769,Dorthea,Göteborg,432047
770,Shelbi,Irirum,386989
771,Salomi,Sicamous,765383
772,Kory,Paris 02,958472
773,Fons,Halteu,822426
774,Trescha,Igarapé Miri,779845
775,Damaris,Néa Vrasná,343338
776,Kenyon,Biliri,619452
777,Bab,Las Palmas,751312
778,Onida,Paccha,182091
779,Francine,Jinbo,957285
780,Muhammad,Skała,750568
781,Nikolia,Yuanguping,206423
782,Andrej,Sangar Sarāy,363405
783,Maurise,Icononzo,666538
784,Cordy,Kilafors,127293
785,Garret,Maojiadian,171708
786,Kalina,Mszana Dolna,148671
787,Nelia,Polýkastro,579465
788,Vita,La Gomera,336194
789,Nerta,Luzhany,849738
790,Bunnie,Frontignan,798481
791,Zondra,Kirovs’k,694847
792,Parker,Panjing,571492
793,Lyell,Icheon-si,560793
794,Jeff,Goussainville,455053
795,Codie,Nový Bydžov,980732
796,Brittney,Marihatag,143418
797,Dorothy,Gouveia,415181
798,Sissy,Kerikeri,279060
799,Alick,Huayllo,263692
800,Morly,Měcholupy,132245
801,Claudell,Huatanshan,300805
802,Clotilda,Bugis,832143
803,Bartlet,Železniki,179690
804,Ruprecht,Pasirdalem,998701
805,Theodore,Camiling,202956
806,Harriette,Salyan,102209
807,Ferrell,Primošten,744205
808,Daisi,Vratsa,423492
809,Kristos,Qi’an,186957
810,Danell,Seroa,292752
811,Hayes,Huajie,587498
812,Antonius,Niandou,929487
813,Ramon,Kysyl-Syr,582572
814,Orion,Sale,268066
815,Cedric,São João dos Inhamuns,715638
816,Catina,Podwilk,660815
817,Aubert,Zhangye,995633
818,Harriott,Vistino,339741
819,Jillene,Corinto,702942
820,Christine,Alegre,845510
821,Cybil,Vilares,352029
822,Cordie,Baitu,155927
823,Kenton,Pincher Creek,557426
824,Camellia,Galveias,778659
825,Onfroi,Lisewo,125009
826,Val,Aqtaū,827131
827,Freeman,Montalvão,214095
828,Harbert,Khŭjand,454419
829,Persis,Pamungguan,353671
830,Aryn,Somanda,585658
831,Fran,Gyumri,171909
832,Carolynn,Whitehorse,168804
833,Nissie,Gibsons,812061
834,Adda,Ābyek,101542
835,Perri,Delingha,610986
836,Jody,Cañas,106902
837,Lethia,Tyresö,865967
838,Matilde,Laojiangjunjie,816039
839,Meryl,Palla,596326
840,Lauritz,Janes,979231
841,Byron,Znojmo,842301
842,Cortie,Naudero,828601
843,Tabina,Jatobá,883796
844,Erma,Wang Chan,103949
845,Algernon,Cibugel,710720
846,Sidoney,San Antonio Ilotenango,754103
847,Andrej,Sinilian First,554096
848,Norine,Inđija,934261
849,Bruis,Nesterov,688553
850,Gretchen,Quiling,914586
851,Bibbye,La‘l,773062
852,Culley,Älmhult,688133
853,Cyril,Bydgoszcz,921360
854,Ivan,Tegalsari,819189
855,Giuseppe,Tây Ninh,649857
856,Marlyn,Xiji,413725
857,Colan,Amaury,225105
858,Jdavie,Yambol,279220
859,Myrle,Ozubulu,972399
860,Taddeusz,Nantes,862369
861,Natala,Kallar Kahār,725547
862,Melba,Göteborg,788221
863,Bordie,Pando,866898
864,Abe,Jimeta,819321
865,Neysa,Jabłonka,809058
866,Pamelina,Gunung Sugih,734737
867,Aprilette,Nanxing,368100
868,Lucinda,Nangabulik,878335
869,Gabbey,Huatan,300858
870,Bobbie,Niono,943712
871,Kassia,Bungo-Takada-shi,904732
872,Lorilyn,Léfka,886837
873,Dougy,Ḑubāh,969189
874,Tatiana,Mabay,734418
875,Dav,Gunungsubang,917256
876,Currie,Beirut,163349
877,Jeralee,Yantai,949495
878,Rosa,Reuleuet,351024
879,Antonietta,Mondoteko,402781
880,Abbe,Kamifukuoka,646052
881,Dalt,Zarya,405933
882,Knox,Kornyn,809807
883,Trent,Heping,713449
884,Judas,Atbasar,948105
885,Lorelei,Tuban,179586
886,Tillie,Wuli,969099
887,Nora,Mocho,511898
888,Donnie,Oleksandrivka,289977
889,Raphael,Kalāt-e Nāderī,973827
890,Brantley,Osieck,559692
891,Dorena,Lyubashivka,735707
892,Kimberlee,Bonabéri,782384
893,Giustino,Shangma,501864
894,Papagena,Shihudang,886723
895,Holly,Nankun,495182
896,Kingsly,Nueve de Julio,778611
897,Richie,Fentange,607077
898,Imogen,Biru,943595
899,Ivy,Keyinhe,878833
900,Jazmin,Maceda,598607
901,Rosa,Orly,863714
902,Eunice,Bochov,250027
903,Rockwell,Orosh,680825
904,Vassili,Seixo de Manhoses,510473
905,Tucker,Kinéta,336195
906,Jorry,Tame,966019
907,Abbott,Kathu,911489
908,Tanhya,Diadi,485582
909,Thibaut,Valdemarsvik,681732
910,Daloris,Novouzensk,615762
911,Hollie,Amolatar,639579
912,Louisa,Manta,113365
913,Werner,Gložan,913637
914,Carny,Werangere,985499
915,Minor,Otuke,367338
916,Allyce,Palca,837144
917,Gay,Canga’an,752686
918,Denyse,Guhuai,207528
919,Andy,Media Luna,487800
920,Dominique,Tiout,191985
921,Olympia,Cikawung,380040
922,Norry,Bagumbayan,455959
923,Celia,Cinangka,221121
924,Paxton,Palestina,173304
925,Arabella,Santa Rosa,573796
926,Hodge,Gowa,102823
927,Joellen,Köln,415132
928,Gray,Yermolayevo,745723
929,Avrit,Krajan Gajahmati,609478
930,Norene,Sam Chuk,205061
931,Nye,Ruy Barbosa,869804
932,Umberto,Szczecin,899820
933,Sylvia,Wilkołaz,547129
934,Claudelle,Tullinge,522747
935,Aguistin,Shiqiao,640535
936,Bertha,Santo Antônio de Posse,527137
937,Genovera,Yipeng,247369
938,Kaitlynn,Antaparco,875682
939,Nyssa,Jesús Menéndez,448633
940,Lidia,Três Coroas,704348
941,Kylie,Ternopil’,228205
942,Neda,Bibis,212669
943,Gerianne,Slavyanovo,841476
944,Ajay,Grammatikó,964965
945,Lammond,Poděbrady,545437
946,Clarita,Mtwara,669753
947,Sabrina,Ust’-Kalmanka,233518
948,Bernadette,Zaysan,936222
949,Etan,Dapaong,966572
950,Ewan,Koror Town,584893
951,Allie,Taosha,437615
952,Jorrie,Radlje ob Dravi,240097
953,Therine,Valada,131785
954,Dion,Little Rock,649266
955,Erasmus,Kauswagan,834597
956,Veriee,Verkhniy Yasenov,212968
957,Thomasine,Cerklje na Gorenjskem,107322
958,Libbie,Maguilling,612916
959,Marcos,Makungu,288737
960,Annecorinne,Da’an,161488
961,Marice,Richmond,671714
962,Maude,Garupá,413006
963,Kyle,Izra‘,379198
964,Merry,Udi,343002
965,Zackariah,Chão,128097
966,Giffard,Liski,540795
967,Jobye,Radekhiv,300511
968,Remy,Dolgoprudnyy,947075
969,Roslyn,Ar Riqāmā,127420
970,Abie,Situ,379793
971,Demetrius,Rincón,223540
972,Bartlet,Río Ceballos,558300
973,Emmet,Jednorożec,835379
974,Ned,Tabuk,451565
975,Evania,Manggis,137851
976,Armand,Gembu,292613
977,Mela,Newton,237846
978,Gabbie,Hidalgo,151023
979,Fabiano,Zlatni Pyasatsi,295920
980,Valerye,Kloangrotat,507466
981,Lurette,Jiangpu,626825
982,Ernest,Ilangay,979094
983,Obed,Sidomukti,477660
984,Quill,Chengjiao,847798
985,Fritz,Jönköping,912510
986,Meridith,Pärnu,722517
987,Drugi,El Cacao,281989
988,Dedra,Sumberkindagan,435037
989,Kittie,Manadas,821003
990,Fonz,Domašinec,588122
991,Chery,Saint Helier,471706
992,Pooh,Cần Giờ,911627
993,Jaquelyn,Deje,478982
994,Jake,Waihi Beach,574112
995,Phaedra,Hualfín,314519
996,Adelaida,Saint-Leu-la-Forêt,370256
997,Garvy,Angol,625614
998,Thatch,Ararat,108745
999,Edgar,Ventspils,248212
1000,Chandra,Conception Bay South,676906
